class,1,sqrt(2)*x,x^2
1,0,0,0
-1,-1,-1.41421,1
-1,1,1.41421,1
